record_id,timestamp,date,time,day_of_week,hour,location,latitude,longitude,road_type,road_capacity,vehicle_count,average_speed,traffic_density,occupancy_rate,weather_condition,temperature,rainfall,visibility,accident_count,congestion_level
1,2025-01-04 22:36:00,2025-01-04,22:36,Saturday,22,Bus Stand Road,13.075,80.26,Main Road,1300.0,80.0,41.2,6.4,0.05,Rainy,29.1,13.99,4.82,0,Low
2,2025-01-06 17:50:00,2025-01-06,17:50,Monday,17,Airport Road,13.0102,80.215,Highway,1800.0,804.3,53.9,34.3,0.318,Cloudy,31.7,1.02,9.67,0,Medium
3,2025-01-07 02:42:00,2025-01-07,02:42,Tuesday,2,Bus Stand Road,13.075,80.26,Main Road,1300.0,758.9,38.0,67.4,0.727,Clear,26.2,0.33,9.67,2,High
4,2025-01-07 20:54:00,2025-01-07,20:54,Tuesday,20,Central Junction,13.0827,80.2707,Junction,1000.0,768.6,20.9,80.6,0.819,Heavy Rain,28.0,9.31,7.48,0,High
5,2025-01-08 17:38:00,2025-01-08,17:38,Wednesday,17,Hospital Junction,13.06,80.25,Junction,1000.0,768.6,40.7,75.6,0.748,Rainy,30.9,0.77,9.26,0,High
6,2025-01-09 00:46:00,2025-01-09,00:46,Thursday,0,Hospital Junction,13.06,80.25,Junction,1000.0,524.5,54.4,43.0,0.45,Cloudy,26.2,0.08,9.37,1,Medium
7,2025-01-09 07:00:00,2025-01-09,07:00,Thursday,7,Hospital Junction,13.06,80.25,Junction,1000.0,775.6,47.4,72.6,0.642,Clear,30.0,0.05,10.0,0,High
8,2025-01-09 11:25:00,2025-01-09,11:25,Thursday,11,Industrial Area,13.09,80.2,Industrial Road,1200.0,402.1,58.0,39.7,0.395,Clear,33.1,0.62,8.71,0,Low
9,2025-01-09 18:00:00,2025-01-09,18:00,Thursday,18,Railway Station Road,13.082,80.275,Main Road,1300.0,1177.2,44.9,76.7,0.847,Clear,28.9,0.03,10.0,0,High
10,2025-01-12 12:43:00,2025-01-12,12:43,Sunday,12,Hospital Junction,13.06,80.25,Junction,1000.0,389.3,56.3,37.2,0.377,Rainy,30.9,1.42,9.58,0,Low
11,2025-01-12 16:37:00,2025-01-12,16:37,Sunday,16,Tech Park Road,13.0378,80.2341,Main Road,1300.0,545.3,54.4,36.0,0.363,Clear,29.9,0.31,9.79,0,Low
12,2025-01-13 13:51:00,2025-01-13,13:51,Monday,13,Hospital Junction,13.06,80.25,Junction,1000.0,486.1,61.5,52.6,0.548,Clear,32.8,0.86,10.0,0,Low
13,2025-01-14 21:15:00,2025-01-14,21:15,Tuesday,21,University Road,13.0105,80.235,Residential Road,700.0,432.9,42.4,58.5,0.621,Clear,26.9,0.09,9.53,0,Medium
14,2025-01-15 11:05:00,2025-01-15,11:05,Wednesday,11,Railway Station Road,13.082,80.275,Main Road,1300.0,511.1,61.1,41.3,0.333,Cloudy,32.4,0.37,10.0,0,Low
15,2025-01-15 20:53:00,2025-01-15,20:53,Wednesday,20,University Road,13.0105,80.235,Residential Road,700.0,434.2,54.9,64.9,0.581,Clear,28.5,0.23,9.76,0,Medium
16,2025-01-17 10:18:00,2025-01-17,10:18,Friday,10,University Road,13.0105,80.235,Residential Road,700.0,267.3,13.9,47.4,0.482,Rainy,31.0,16.22,3.43,0,Medium
17,2025-01-18 01:15:00,2025-01-18,01:15,Saturday,1,Central Junction,13.0827,80.2707,Junction,1000.0,234.3,68.5,22.4,0.196,Cloudy,27.2,1.77,9.43,0,Low
18,2025-01-18 12:25:00,2025-01-18,12:25,Saturday,12,Airport Road,13.0102,80.215,Highway,1800.0,98.2,66.9,7.3,0.126,Cloudy,32.6,1.74,8.64,0,Low
19,2025-01-19 03:10:00,2025-01-19,03:10,Sunday,3,Tech Park Road,13.0378,80.2341,Main Road,1300.0,300.0,68.0,15.7,0.144,Clear,25.0,0.08,9.45,0,Low
20,2025-01-21 10:07:00,2025-01-21,10:07,Tuesday,10,Airport Road,13.0102,80.215,Highway,1800.0,1077.6,42.5,68.8,0.611,Cloudy,33.8,0.47,10.0,1,Medium
21,2025-01-21 10:50:00,2025-01-21,10:50,Tuesday,10,Railway Station Road,13.082,80.275,Main Road,1300.0,911.5,38.6,69.3,0.642,Cloudy,30.8,1.61,9.83,1,High
22,2025-01-22 13:26:00,2025-01-22,13:26,Wednesday,13,Industrial Area,13.09,80.2,Industrial Road,1200.0,670.4,50.5,53.1,0.421,Cloudy,29.4,0.22,9.49,0,Medium
23,2025-01-25 21:48:00,2025-01-25,21:48,Saturday,21,Industrial Area,13.09,80.2,Industrial Road,1200.0,381.6,59.6,31.7,0.308,Clear,25.3,0.38,10.0,0,Low
24,2025-01-26 22:47:00,2025-01-26,22:47,Sunday,22,Railway Station Road,13.082,80.275,Main Road,1300.0,511.0,64.8,31.5,0.307,Clear,24.9,0.35,10.0,0,Low
25,2025-01-29 02:42:00,2025-01-29,02:42,Wednesday,2,Bus Stand Road,13.075,80.26,Main Road,1300.0,510.6,56.1,40.4,0.387,Clear,26.5,0.31,10.0,0,Low
26,2025-01-30 07:46:00,2025-01-30,07:46,Thursday,7,University Road,13.0105,80.235,Residential Road,700.0,811.5,26.3,120.8,1.0,Clear,29.4,0.42,10.0,0,High
27,2025-01-30 17:13:00,2025-01-30,17:13,Thursday,17,Central Junction,13.0827,80.2707,Junction,1000.0,1054.2,40.0,106.9,1.0,Clear,29.3,0.01,10.0,0,High
28,2025-02-01 21:46:00,2025-02-01,21:46,Saturday,21,Hospital Junction,13.06,80.25,Junction,1000.0,303.8,64.9,22.4,0.218,Clear,27.8,0.45,8.53,0,Low
29,2025-02-02 18:02:00,2025-02-02,18:02,Sunday,18,University Road,13.0105,80.235,Residential Road,700.0,636.3,43.3,90.3,0.817,Clear,29.5,0.39,9.64,0,High
30,2025-02-02 23:56:00,2025-02-02,23:56,Sunday,23,Industrial Area,13.09,80.2,Industrial Road,1200.0,369.6,57.2,34.5,0.37,Cloudy,26.6,1.92,8.72,0,Low
31,2025-02-03 08:11:00,2025-02-03,08:11,Monday,8,University Road,13.0105,80.235,Residential Road,700.0,689.6,39.7,89.1,0.913,Clear,31.1,0.07,10.0,0,High
32,2025-02-03 08:55:00,2025-02-03,08:55,Monday,8,University Road,13.0105,80.235,Residential Road,700.0,497.7,29.9,65.7,0.67,Rainy,31.4,6.23,7.42,0,Medium
33,2025-02-04 20:57:00,2025-02-04,20:57,Tuesday,20,Central Junction,13.0827,80.2707,Junction,1000.0,802.0,35.8,84.6,0.885,Cloudy,24.3,1.14,9.48,0,High
34,2025-02-06 05:12:00,2025-02-06,05:12,Thursday,5,University Road,13.0105,80.235,Residential Road,700.0,465.4,39.3,67.8,0.632,Clear,27.7,0.1,10.0,0,Medium
35,2025-02-06 23:26:00,2025-02-06,23:26,Thursday,23,Hospital Junction,13.06,80.25,Junction,1000.0,575.7,48.5,59.6,0.677,Cloudy,22.8,1.27,9.44,0,Medium
36,2025-02-08 23:18:00,2025-02-08,23:18,Saturday,23,Market Street,13.0878,80.2785,Main Road,1300.0,353.1,54.7,36.5,0.326,Clear,26.2,0.89,9.98,0,Low
37,2025-02-09 04:04:00,2025-02-09,04:04,Sunday,4,Industrial Area,13.09,80.2,Industrial Road,1200.0,80.0,8.0,9.0,0.12,Heavy Rain,27.5,36.61,1.0,0,Low
38,2025-02-09 08:14:00,2025-02-09,08:14,Sunday,8,Central Junction,13.0827,80.2707,Junction,1000.0,829.6,24.5,86.3,0.795,Clear,32.1,1.29,9.6,0,High
39,2025-02-09 11:58:00,2025-02-09,11:58,Sunday,11,Market Street,13.0878,80.2785,Main Road,1300.0,422.7,35.0,46.1,0.423,Rainy,33.7,5.88,7.95,0,Medium
40,2025-02-09 21:46:00,2025-02-09,21:46,Sunday,21,Railway Station Road,13.082,80.275,Main Road,1300.0,610.0,59.8,45.9,0.519,Clear,27.2,0.01,10.0,0,Low
41,2025-02-10 02:41:00,2025-02-10,02:41,Monday,2,Ring Road,13.03,80.18,Highway,1800.0,683.1,53.3,34.0,0.329,Clear,25.7,0.56,10.0,0,Low
42,2025-02-10 12:50:00,2025-02-10,12:50,Monday,12,Tech Park Road,13.0378,80.2341,Main Road,1300.0,501.0,57.2,40.7,0.44,Clear,32.7,0.19,10.0,0,Low
43,2025-02-10 12:59:00,2025-02-10,12:59,Monday,12,Tech Park Road,13.0378,80.2341,Main Road,1300.0,673.1,27.9,54.0,0.549,Rainy,31.2,7.7,7.52,0,Low
44,2025-02-11 15:57:00,2025-02-11,15:57,Tuesday,15,Railway Station Road,13.082,80.275,Main Road,1300.0,530.2,62.6,38.1,0.377,Cloudy,31.1,0.51,10.0,0,Low
45,2025-02-12 00:07:00,2025-02-12,00:07,Wednesday,0,Ring Road,13.03,80.18,Highway,1800.0,651.5,56.3,31.0,0.365,Clear,27.5,0.74,8.93,0,Low
46,2025-02-12 06:14:00,2025-02-12,06:14,Wednesday,6,Bus Stand Road,13.075,80.26,Main Road,1300.0,628.2,50.9,59.9,0.589,Clear,28.2,0.25,9.85,0,Medium
47,2025-02-12 19:31:00,2025-02-12,19:31,Wednesday,19,Central Junction,13.0827,80.2707,Junction,1000.0,904.9,50.6,92.1,0.85,Clear,29.4,0.63,10.0,0,High
48,2025-02-14 19:13:00,2025-02-14,19:13,Friday,19,Tech Park Road,13.0378,80.2341,Main Road,1300.0,702.0,59.8,50.3,0.471,Clear,29.2,0.3,10.0,0,Medium
49,2025-02-15 00:45:00,2025-02-15,00:45,Saturday,0,Bus Stand Road,13.075,80.26,Main Road,1300.0,421.4,55.0,37.0,0.392,Clear,24.6,0.15,10.0,0,Low
50,2025-02-16 04:34:00,2025-02-16,04:34,Sunday,4,Central Junction,13.0827,80.2707,Junction,1000.0,298.4,56.1,29.3,0.309,Clear,29.0,0.07,10.0,0,Low
51,2025-02-17 09:11:00,2025-02-17,09:11,Monday,9,Bus Stand Road,13.075,80.26,Main Road,1300.0,617.3,8.0,46.2,0.4,Rainy,32.2,21.19,2.93,0,High
52,2025-02-19 02:07:00,2025-02-19,02:07,Wednesday,2,Tech Park Road,13.0378,80.2341,Main Road,1300.0,712.8,42.9,57.6,0.547,Rainy,26.6,4.71,9.19,0,Medium
53,2025-02-19 04:35:00,2025-02-19,04:35,Wednesday,4,Ring Road,13.03,80.18,Highway,1800.0,429.4,60.5,17.4,0.151,Clear,26.4,0.8,9.92,0,Low
54,2025-02-19 21:54:00,2025-02-19,21:54,Wednesday,21,Tech Park Road,13.0378,80.2341,Main Road,1300.0,640.0,48.4,51.0,0.495,Cloudy,25.6,1.06,9.38,0,Low
55,2025-02-20 19:19:00,2025-02-20,19:19,Thursday,19,Railway Station Road,13.082,80.275,Main Road,1300.0,810.8,53.1,71.9,0.664,Clear,27.4,0.31,10.0,0,Medium
56,2025-02-26 16:17:00,2025-02-26,16:17,Wednesday,16,Industrial Area,13.09,80.2,Industrial Road,1200.0,476.7,48.5,45.1,0.425,Cloudy,31.3,0.64,7.72,1,Low
57,2025-02-26 20:23:00,2025-02-26,20:23,Wednesday,20,Airport Road,13.0102,80.215,Highway,1800.0,965.7,62.8,51.8,0.489,Clear,26.1,0.51,10.0,0,Medium
58,2025-02-27 07:24:00,2025-02-27,07:24,Thursday,7,University Road,13.0105,80.235,Residential Road,700.0,749.7,36.8,104.6,1.0,Cloudy,30.4,0.13,7.4,0,High
59,2025-02-27 22:44:00,2025-02-27,22:44,Thursday,22,University Road,13.0105,80.235,Residential Road,700.0,665.7,49.0,93.0,0.963,Cloudy,24.5,0.0,8.79,0,High
60,2025-02-28 21:52:00,2025-02-28,21:52,Friday,21,Hospital Junction,13.06,80.25,Junction,1000.0,468.8,52.2,45.6,0.45,Cloudy,26.6,1.77,9.7,0,Low
61,2025-03-02 06:47:00,2025-03-02,06:47,Sunday,6,Ring Road,13.03,80.18,Highway,1800.0,525.5,59.7,30.3,0.287,Clear,29.2,0.02,10.0,1,Medium
62,2025-03-03 00:18:00,2025-03-03,00:18,Monday,0,Industrial Area,13.09,80.2,Industrial Road,1200.0,498.0,46.8,46.1,0.466,Rainy,29.7,1.69,8.6,0,Low
63,2025-03-03 10:11:00,2025-03-03,10:11,Monday,10,Railway Station Road,13.082,80.275,Main Road,1300.0,996.6,43.0,68.0,0.647,Clear,29.5,0.15,9.45,0,Medium
64,2025-03-03 11:23:00,2025-03-03,11:23,Monday,11,Railway Station Road,13.082,80.275,Main Road,1300.0,549.7,56.2,46.6,0.42,Clear,34.1,0.03,10.0,0,Medium
65,2025-03-03 18:47:00,2025-03-03,18:47,Monday,18,Railway Station Road,13.082,80.275,Main Road,1300.0,878.9,51.1,65.7,0.62,Cloudy,29.2,0.96,9.33,0,High
66,2025-03-04 18:18:00,2025-03-04,18:18,Tuesday,18,Bus Stand Road,13.075,80.26,Main Road,1300.0,909.3,46.5,71.8,0.693,Clear,29.6,0.09,10.0,0,Medium
67,2025-03-05 00:34:00,2025-03-05,00:34,Wednesday,0,Market Street,13.0878,80.2785,Main Road,1300.0,382.6,36.5,23.8,0.191,Rainy,26.2,8.15,7.14,0,Low
68,2025-03-05 01:07:00,2025-03-05,01:07,Wednesday,1,Airport Road,13.0102,80.215,Highway,1800.0,474.3,30.6,33.0,0.336,Rainy,26.8,9.41,6.99,0,Low
69,2025-03-06 13:45:00,2025-03-06,13:45,Thursday,13,Market Street,13.0878,80.2785,Main Road,1300.0,721.0,42.0,61.7,0.646,Clear,31.7,0.15,10.0,0,Medium
70,2025-03-08 05:13:00,2025-03-08,05:13,Saturday,5,Central Junction,13.0827,80.2707,Junction,1000.0,204.2,12.7,25.2,0.189,Heavy Rain,30.4,17.7,3.9,0,Low
71,2025-03-08 21:41:00,2025-03-08,21:41,Saturday,21,Airport Road,13.0102,80.215,Highway,1800.0,586.7,61.0,25.0,0.251,Clear,26.2,0.04,9.29,0,Low
72,2025-03-09 00:41:00,2025-03-09,00:41,Sunday,0,Central Junction,13.0827,80.2707,Junction,1000.0,660.9,52.5,70.2,0.694,Clear,27.7,0.0,9.92,0,Medium
73,2025-03-10 05:28:00,2025-03-10,05:28,Monday,5,Hospital Junction,13.06,80.25,Junction,1000.0,507.3,51.0,52.8,0.541,Clear,27.3,0.48,9.81,0,Medium
74,2025-03-10 09:22:00,2025-03-10,09:22,Monday,9,Hospital Junction,13.06,80.25,Junction,1000.0,792.1,22.7,71.2,0.711,Rainy,31.0,5.73,7.04,0,High
75,2025-03-10 12:03:00,2025-03-10,12:03,Monday,12,Industrial Area,13.09,80.2,Industrial Road,1200.0,441.0,55.6,36.6,0.308,Clear,30.4,0.21,9.75,0,Low
76,2025-03-11 02:32:00,2025-03-11,02:32,Tuesday,2,Railway Station Road,13.082,80.275,Main Road,1300.0,601.6,52.2,48.1,0.43,Clear,27.1,0.26,9.39,0,Low
77,2025-03-11 15:44:00,2025-03-11,15:44,Tuesday,15,Hospital Junction,13.06,80.25,Junction,1000.0,489.0,62.9,51.7,0.518,Clear,33.3,0.05,10.0,0,Medium
78,2025-03-12 01:18:00,2025-03-12,01:18,Wednesday,1,Airport Road,13.0102,80.215,Highway,1800.0,80.0,8.0,5.3,0.094,Heavy Rain,26.0,47.27,1.0,0,Medium
79,2025-03-12 08:11:00,2025-03-12,08:11,Wednesday,8,Ring Road,13.03,80.18,Highway,1800.0,677.1,31.5,39.1,0.302,Rainy,30.2,10.38,6.17,0,Medium
80,2025-03-12 17:53:00,2025-03-12,17:53,Wednesday,17,University Road,13.0105,80.235,Residential Road,700.0,715.8,42.0,109.6,1.0,Cloudy,28.1,0.75,9.66,0,High
81,2025-03-13 14:40:00,2025-03-13,14:40,Thursday,14,Ring Road,13.03,80.18,Highway,1800.0,533.2,42.9,35.8,0.405,Rainy,31.3,7.55,7.51,0,Low
82,2025-03-14 10:17:00,2025-03-14,10:17,Friday,10,Airport Road,13.0102,80.215,Highway,1800.0,192.8,22.0,5.0,0.05,Rainy,29.2,21.49,2.91,0,Low
83,2025-03-16 01:09:00,2025-03-16,01:09,Sunday,1,Railway Station Road,13.082,80.275,Main Road,1300.0,181.5,64.8,12.4,0.146,Clear,24.7,0.04,9.29,0,Low
84,2025-03-16 11:40:00,2025-03-16,11:40,Sunday,11,Industrial Area,13.09,80.2,Industrial Road,1200.0,433.5,58.8,35.3,0.325,Clear,32.2,0.1,9.24,0,Low
85,2025-03-16 21:40:00,2025-03-16,21:40,Sunday,21,Railway Station Road,13.082,80.275,Main Road,1300.0,369.0,59.2,19.6,0.192,Rainy,28.9,3.11,9.68,0,Low
86,2025-03-16 22:35:00,2025-03-16,22:35,Sunday,22,Railway Station Road,13.082,80.275,Main Road,1300.0,452.7,53.2,35.3,0.288,Cloudy,30.6,0.07,9.69,0,Low
87,2025-03-17 13:51:00,2025-03-17,13:51,Monday,13,Airport Road,13.0102,80.215,Highway,1800.0,421.7,63.3,29.7,0.203,Clear,31.0,0.11,8.97,0,Low
88,2025-03-17 18:03:00,2025-03-17,18:03,Monday,18,Market Street,13.0878,80.2785,Main Road,1300.0,933.8,40.2,66.4,0.702,Clear,31.2,0.47,10.0,0,Medium
89,2025-03-19 05:54:00,2025-03-19,05:54,Wednesday,5,Tech Park Road,13.0378,80.2341,Main Road,1300.0,818.3,45.1,64.6,0.607,Cloudy,28.6,2.36,9.5,0,Medium
90,2025-03-19 06:34:00,2025-03-19,06:34,Wednesday,6,Market Street,13.0878,80.2785,Main Road,1300.0,739.1,52.6,52.3,0.505,Clear,28.8,0.29,8.83,0,Medium
91,2025-03-21 21:50:00,2025-03-21,21:50,Friday,21,Industrial Area,13.09,80.2,Industrial Road,1200.0,454.1,45.1,34.5,0.289,Rainy,27.5,4.32,8.65,0,Low
92,2025-03-22 09:08:00,2025-03-22,09:08,Saturday,9,Industrial Area,13.09,80.2,Industrial Road,1200.0,616.2,43.6,61.7,0.561,Clear,31.2,0.8,10.0,1,Medium
93,2025-03-22 19:52:00,2025-03-22,19:52,Saturday,19,Industrial Area,13.09,80.2,Industrial Road,1200.0,591.1,50.8,46.5,0.459,Clear,28.4,0.08,10.0,0,Low
94,2025-03-23 11:57:00,2025-03-23,11:57,Sunday,11,Market Street,13.0878,80.2785,Main Road,1300.0,80.0,28.8,11.5,0.085,Rainy,31.3,11.98,6.25,1,Low
95,2025-03-25 00:39:00,2025-03-25,00:39,Tuesday,0,Ring Road,13.03,80.18,Highway,1800.0,565.4,58.9,22.1,0.236,Clear,23.9,0.33,8.9,0,Low
96,2025-03-25 09:48:00,2025-03-25,09:48,Tuesday,9,Central Junction,13.0827,80.2707,Junction,1000.0,1054.9,26.5,114.8,1.0,Clear,28.8,0.68,9.99,0,High
97,2025-03-26 15:03:00,2025-03-26,15:03,Wednesday,15,Market Street,13.0878,80.2785,Main Road,1300.0,440.6,56.7,36.9,0.382,Cloudy,32.1,0.81,9.5,0,Low
98,2025-03-29 01:49:00,2025-03-29,01:49,Saturday,1,Airport Road,13.0102,80.215,Highway,1800.0,80.0,26.8,5.0,0.06,Rainy,25.7,15.44,4.26,0,Low
99,2025-03-29 08:42:00,2025-03-29,08:42,Saturday,8,Market Street,13.0878,80.2785,Main Road,1300.0,616.7,55.3,50.3,0.566,Clear,29.6,0.52,10.0,0,Low
100,2025-03-29 19:20:00,2025-03-29,19:20,Saturday,19,Ring Road,13.03,80.18,Highway,1800.0,538.6,54.5,22.9,0.186,Clear,28.2,0.33,10.0,0,Low
